Continents,Avg_death_number,Calories
Africa,141347.56666666668,2234.374042943026
Asia,543092.1,2325.003474753483
Australia,3334.233333333333,2182.245632865197
Europe,145857.33333333334,2339.7358238484853
North America,74218.83333333333,2181.175527713494
South America,143697.7,2105.84045048183
